request_number,timestamp,status_code,success,response_text,error_text,response_time_ms,conversation_id
1,2026-01-04T17:52:19.241808,200,True," Our return policy includes a 30-day money-back guarantee, with full refunds or exchanges available within this period. No questions are asked during the returns process and we cover return shipping costs. The original packaging is not required, but items should be in good condition. For more details, please log in to view your tickets or contact us at support@tmc.local.",,18545.241594314575,tXgUj_754mdYSR1ucfWg7w
2,2026-01-04T17:52:49.166972,200,True," Our return policy offers a 30-day money-back guarantee. You can return any item within 30 days of delivery for a full refund or exchange, as long as it's in original condition and purchased directly from Too Many Cables. For more details, please contact our customer service team.",,17924.545764923096,a2sjek73tpvqnAj6o5Fpmg
3,2026-01-04T17:53:19.232519,200,True," Our return policy offers a 30-day money-back guarantee. You can return items within 30 days of delivery for a full refund or exchange. No questions asked, and we cover the return shipping costs. Original packaging isn't required, but it's preferred. For more information, please contact our customer service team.",,18064.86940383911,39cxLDyL88bMIUVat_JfMg
4,2026-01-04T17:53:49.692348,200,True," Our return policy offers a 30-day money-back guarantee. You can return items within 30 days of delivery for a full refund or exchange. For more details, please log in to view your specific tickets and the return process. If you don't have an account yet, feel free to sign up on our website.",,18459.40661430359,bXjcxyaBT_H7mz9lrWJi9Q
5,2026-01-04T17:54:19.876246,200,True," Our return policy offers a 30-day money-back guarantee. You can return items within 30 days of delivery for a full refund or exchange, as long as they are in original condition and purchased directly from Too Many Cables. For more information on how to initiate a return, please contact our customer service team.",,18183.529138565063,08Fasmg3PxxKdapLkZzCYg
6,2026-01-04T17:54:50.247035,200,True," Our return policy offers a 30-day money-back guarantee, with full refunds or exchanges available within this period. You can return items in original condition and receive free return shipping. No questions are asked during the process. For more details, please log in to view your tickets or contact us at support@tmc.local.",,18370.350122451782,L1WuPNultETqnUQpzQ05AQ
7,2026-01-04T17:55:20.606160,200,True," Our return policy offers a 30-day money-back guarantee. You can return items within 30 days of delivery for a full refund or exchange. No questions are asked, and we cover the return shipping costs. Original packaging isn't required, just make sure the cable is in good condition. For more details, please contact our customer service team at support@tmc.local.",,18358.36362838745,9keQAPfqQuKYKYCXcEsfpQ
8,2026-01-04T17:55:51.120146,200,True," Our return policy offers a 30-day money-back guarantee. You can return items within 30 days of delivery for a full refund or exchange. For more details, please contact our customer service team via AI chat, email, or phone.",,18511.110544204712,N6er7wAoassr_aQQ-Hywuw
9,2026-01-04T17:56:21.765582,200,True," Our return policy offers a 30-day money-back guarantee. You can return items in original condition within 30 days of delivery for a full refund or exchange. For more details, please log in to view your specific ticket information or visit our FAQs on the Too Many Cables website.",,18645.232915878296,GQOF3-opIxuHkDFl-ClW2g
10,2026-01-04T17:56:52.830909,200,True," Our return policy offers a 30-day money-back guarantee, allowing full refunds or exchanges within that time frame. You can easily return items with our no-questions-asked process and we cover the return shipping costs. Original packaging is not required, just ensure the cable is in good condition. For more details, please visit our FAQs section on our website. If you're not logged in, you may need to provide your order information when contacting customer service to initiate a return.",,19064.21446800232,_PVVE-PZLdiFC0ZlcCwJeQ
